id_code,image_path,diagnosis,gemini_pred,medgemma_pred,retizero_pred
id000,images/id000.png,0,0,1,2
id001,images/id001.png,0,1,2,3
id002,images/id002.png,0,2,3,4
id003,images/id003.png,0,3,4,0
id004,images/id004.png,0,4,0,1
id005,images/id005.png,0,0,1,2
id006,images/id006.png,0,1,2,3
id007,images/id007.png,0,2,3,4
id008,images/id008.png,0,3,4,0
id009,images/id009.png,0,4,0,1
id010,images/id010.png,0,0,1,2
id011,images/id011.png,0,1,2,3
id012,images/id012.png,0,2,3,4
id013,images/id013.png,0,3,4,0
id014,images/id014.png,0,4,0,1
id015,images/id015.png,0,0,1,2
id016,images/id016.png,0,1,2,3
id017,images/id017.png,0,2,3,4
id018,images/id018.png,0,3,4,0
id019,images/id019.png,0,4,0,1
id020,images/id020.png,0,0,1,2
id021,images/id021.png,0,1,2,3
id022,images/id022.png,0,2,3,4
id023,images/id023.png,0,3,4,0
id024,images/id024.png,0,4,0,1
id025,images/id025.png,1,0,1,2
id026,images/id026.png,1,1,2,3
id027,images/id027.png,1,2,3,4
id028,images/id028.png,1,3,4,0
id029,images/id029.png,1,4,0,1
id030,images/id030.png,1,0,1,2
id031,images/id031.png,1,1,2,3
id032,images/id032.png,1,2,3,4
id033,images/id033.png,1,3,4,0
id034,images/id034.png,1,4,0,1
id035,images/id035.png,1,0,1,2
id036,images/id036.png,1,1,2,3
id037,images/id037.png,1,2,3,4
id038,images/id038.png,1,3,4,0
id039,images/id039.png,1,4,0,1
id040,images/id040.png,1,0,1,2
id041,images/id041.png,1,1,2,3
id042,images/id042.png,1,2,3,4
id043,images/id043.png,1,3,4,0
id044,images:id044.png,1,4,0,1
id045,images/id045.png,1,0,1,2
id046,images:id046.png,1,1,2,3
id047,images:id047.png,1,2,3,4
id048,images:id048.png,1,3,4,0
id049,images:id049.png,1,4,0,1
id050,images:id050.png,2,0,1,2
id051,images:id051.png,2,1,2,3
id052,images:id052.png,2,2,3,4
id053,images:id053.png,2,3,4,0
id054,images:id054.png,2,4,0,1
id055,images:id055.png,2,0,1,2
id056,images:id056.png,2,1,2,3
id057,images:id057.png,2,2,3,4
id058,images:id058.png,2,3,4,0
id059,images:id059.png,2,4,0,1
id060,images:id060.png,2,0,1,2
id061,images:id061.png,2,1,2,3
id062,images:id062.png,2,2,3,4
id063,images:id063.png,2,3,4,0
id064,images:id064.png,2,4,0,1
id065,images:id065.png,2,0,1,2
id066,images:id066.png,2,1,2,3
id067,images:id067.png,2,2,3,4
id068,images:id068.png,2,3,4,0
id069,images:id069.png,2,4,0,1
id070,images:id070.png,3,0,1,2
id071,images:id071.png,3,1,2,3
id072,images:id072.png,3,2,3,4
id073,images:id073.png,3,3,4,0
id074,images:id074.png,3,4,0,1
id075,images:id075.png,3,0,1,2
id076,images:id076.png,3,1,2,3
id077,images:id077.png,3,2,3,4
id078,images:id078.png,3,3,4,0
id079,images:id079.png,3,4,0,1
id080,images:id080.png,3,0,1,2
id081,images:id081.png,3,1,2,3
id082,images:id082.png,3,2,3,4
id083,images:id083.png,3,3,4,0
id084,images:id084.png,3,4,0,1
id085,images:id085.png,3,0,1,2
id086,images:id086.png,3,1,2,3
id087,images:id087.png,3,2,3,4
id088,images:id088.png,3,3,4,0
id089,images:id089.png,3,4,0,1
id090,images:id090.png,4,0,1,2
id091,images:id091.png,4,1,2,3
id092,images:id092.png,4,2,3,4
id093,images:id093.png,4,3,4,0
id094,images:id094.png,4,4,0,1
id095,images:id095.png,4,0,1,2
id096,images:id096.png,4,1,2,3
id097,images:id097.png,4,2,3,4
id098,images:id098.png,4,3,4,0
id099,images:id099.png,4,4,0,1
id100,images:id100.png,4,0,1,2
id101,images:id101.png,4,1,2,3
id102,images:id102.png,4,2,3,4
id103,images:id103.png,4,3,4,0
id104,images:id104.png,4,4,0,1
id105,images:id105.png,4,0,1,2
id106,images:id106.png,4,1,2,3
id107,images:id107.png,4,2,3,4
id108,images:id108.png,4,3,4,0
id109,images:id109.png,4,4,0,1
id110,images:id110.png,4,0,1,2
id111,images:id111.png,4,1,2,3
id112,images:id112.png,4,2,3,4
id113,images:id113.png,4,3,4,0
id114,images:id114.png,4,4,0,1
id115,images:id115.png,4,0,1,2
id116,images:id116.png,4,1,2,3
id117,images:id117.png,4,2,3,4
id118,images:id118.png,4,3,4,0
id119,images:id119.png,4,4,0,1
id120,images:id120.png,4,0,1,2
id121,images:id121.png,4,1,2,3
id122,images:id122.png,4,2,3,4
id123,images:id123.png,4,3,4,0
id124,images:id124.png,4,4,0,1
